{
    "$schema": "../../../Schema/ControlDescription.Schema.json",
    "apiVersion": 1,
    "name": "TcHmiPartial",
    "namespace": "TcHmi.Controls.System",
    "displayName": "Partial",
    "version": {
        "full": "1.12.760.59",
        "major": 1,
        "minor": 12,
        "build": 760,
        "revision": 59
    },
    "visible": false,
    "themeable": "Advanced",
    "base": "TcHmi.Controls.System.TcHmiContainerControl",
    "description": "A base class for reusable control container.",
    "properties": {
        "containerControl": true,
        "geometry": {
            "width": 500,
            "height": 500
        }
    },
    "icons": [
        {
            "name": "Icons/16x16.png",
            "width": 16,
            "height": 16
        }
    ],
    "template": "Template.html",
    "dependencyFiles": [
        {
            "name": "Style.css",
            "type": "Stylesheet",
            "description": ""
        },
        {
            "name": "TcHmiPartial.js",
            "type": "JavaScript",
            "description": ""
        }
    ],
    "themes": {},
    "attributes": [],
    "creator": {
        "attributes": [
            {
                "name": "data-tchmi-creator-viewport-width",
                "type": "tchmi:framework#/definitions/PositiveNumber",
                "required": false,
                "defaultValue": 800,
                "defaultValueInternal": 800
            },
            {
                "name": "data-tchmi-creator-viewport-height",
                "type": "tchmi:framework#/definitions/PositiveNumber",
                "required": false,
                "defaultValue": 600,
                "defaultValueInternal": 600
            }
        ]
    },
    "dataTypes": [
        {
            "schema": "Schema/Types.Schema.json"
        }
    ]
}