<?xml version="1.0"?>
<TcEventSources Version="2">
	<Source>
		<GUID>{28111931-0002-0000-5230-300E00001600}</GUID>
		<Name LcId="1031">EL3632 2K. IEPE Sensor</Name>
		<Name LcId="1033">EL3632 2Ch. IEPE Sensor</Name>
		<Event>
			<Id>4479</Id>
			<Message LcId="1031">Information: 0x{0,X}</Message>
			<Message LcId="1033">Information: 0x{0,X}</Message>
		</Event>
		<Event>
			<Id>16767</Id>
			<Message LcId="1031">Warnung: 0x{0,X}</Message>
			<Message LcId="1033">Warning: 0x{0,X}</Message>
		</Event>
		<Event>
			<Id>32771</Id>
			<Message LcId="1031">Konfigurationsfehler: 0x{0,X}</Message>
			<Message LcId="1033">Configuration error: 0x{0,X}</Message>
		</Event>
		<Event>
			<Id>33025</Id>
			<Message LcId="1031">Kommunikation abgebrochen</Message>
			<Message LcId="1033">Communication aborted</Message>
		</Event>
		<Event>
			<Id>33026</Id>
			<Message LcId="1031">PDO Konfigurationsfehler: Eintrag {0}</Message>
			<Message LcId="1033">PDO Configuration error: Entry {0}</Message>
		</Event>
		<Event>
			<Id>33088</Id>
			<Message LcId="1031">Synchronisierungsfehler</Message>
			<Message LcId="1033">Sync Error</Message>
		</Event>
		<Event>
			<Id>33089</Id>
			<Message LcId="1031">Sync{0} Interrupt fehlt</Message>
			<Message LcId="1033">Sync{0} Interrupt lost</Message>
		</Event>
		<Event>
			<Id>33090</Id>
			<Message LcId="1031">Sync Interrupt asynchron</Message>
			<Message LcId="1033">Sync Interrupt asynchronous</Message>
		</Event>
		<Event>
			<Id>33151</Id>
			<Message LcId="1031">Fehler: 0x{0,X}</Message>
			<Message LcId="1033">Error: 0x{0,X}</Message>
		</Event>
		<Event>
			<Id>34177</Id>
			<Message LcId="1031">Leitungsbruch Ch {0}</Message>
			<Message LcId="1033">Wire broken Ch {0}</Message>
		</Event>
		<Property>
			<Name>DisplayTxtId</Name>
			<Value>true</Value>
		</Property>
	</Source>
	<Source>
		<GUID>{28111931-0002-0000-5230-BD0E00001500}</GUID>
		<Name LcId="1031">EL3773 3 K. Netzmonitoring, Oversample</Name>
		<Name LcId="1033">EL3773 3 Ch. Power Monitoring, Oversample</Name>
		<Event>
			<Id>1</Id>
			<Message LcId="1031">kein Fehler</Message>
			<Message LcId="1033">No error</Message>
		</Event>
		<Event>
			<Id>2</Id>
			<Message LcId="1031">Kommunikation aufgebaut</Message>
			<Message LcId="1033">Communication established</Message>
		</Event>
		<Event>
			<Id>3</Id>
			<Message LcId="1031">Initialisierung: 0x{0,X}</Message>
			<Message LcId="1033">Initialization: 0x{0,X}</Message>
		</Event>
		<Event>
			<Id>4096</Id>
			<Message LcId="1031">Information: 0x{0,X}</Message>
			<Message LcId="1033">Information: 0x{0,X}</Message>
		</Event>
		<Event>
			<Id>4405</Id>
			<Message LcId="1031">Angeforderter Status OP erreicht</Message>
			<Message LcId="1033">Requested state OP successfull</Message>
		</Event>
		<Event>
			<Id>16384</Id>
			<Message LcId="1031">Warnung: 0x{0,X}</Message>
			<Message LcId="1033">Warning: 0x{0,X}</Message>
		</Event>
		<Event>
			<Id>32769</Id>
			<Message LcId="1031">Fehler: 0x{0,X}</Message>
			<Message LcId="1033">Error: 0x{0,X}</Message>
		</Event>
		<Event>
			<Id>32770</Id>
			<Message LcId="1031">Kommunikation abgebrochen</Message>
			<Message LcId="1033">Communication aborted</Message>
		</Event>
		<Event>
			<Id>32771</Id>
			<Message LcId="1031">Konfigurationsfehler: 0x{0,X}</Message>
			<Message LcId="1033">Configuration error: 0x{0,X}</Message>
		</Event>
		<Event>
			<Id>33078</Id>
			<Message LcId="1031">Konfigurationsfehler: Ungültige Samplingrate</Message>
			<Message LcId="1033">Configuration error: invalid samplingrate</Message>
		</Event>
		<Event>
			<Id>33088</Id>
			<Message LcId="1031">Synchronisierungsfehler</Message>
			<Message LcId="1033">Sync Error</Message>
		</Event>
		<Event>
			<Id>33089</Id>
			<Message LcId="1031">Sync{0,X} Interrupt fehlt</Message>
			<Message LcId="1033">Sync{0,X} Interrupt lost</Message>
		</Event>
		<Event>
			<Id>33090</Id>
			<Message LcId="1031">Asynchron</Message>
			<Message LcId="1033">Asynchronous</Message>
		</Event>
		<Event>
			<Id>33091</Id>
			<Message LcId="1031"><![CDATA[Jitter zu groß ( >> {0} µs)]]></Message>
			<Message LcId="1033"><![CDATA[Jitter too big ( >> {0} µs)]]></Message>
		</Event>
		<Property>
			<Name>DisplayTxtId</Name>
			<Value>true</Value>
		</Property>
	</Source>
	<Source>
		<GUID>{BB2A9999-102E-421A-8D3D-B0660E07B1FE}</GUID>
		<Name LcId="1033">TcSystemEventClass</Name>
		<Event>
			<Id>1</Id>
			<Message LcId="1031">Interner Fehler.</Message>
			<Message LcId="1033">Internal error.</Message>
		</Event>
		<Event>
			<Id>2</Id>
			<Message LcId="1031">Keine Echtzeit.</Message>
			<Message LcId="1033">No real-time.</Message>
		</Event>
		<Event>
			<Id>3</Id>
			<Message LcId="1031">Zuweisung gesperrt - Speicherfehler.</Message>
			<Message LcId="1033">Allocation locked – memory error.</Message>
		</Event>
		<Event>
			<Id>4</Id>
			<Message LcId="1031">Postfach voll – Es konnte die ADS Nachricht nicht versendet werden. Reduzieren der Anzahl der ADS Nachrichten pro Zyklus bringt Abhilfe.</Message>
			<Message LcId="1033">Mailbox full – the ADS message could not be sent. Reducing the number of ADS messages per cycle will help.</Message>
		</Event>
		<Event>
			<Id>5</Id>
			<Message LcId="1031">Falsches HMSG.</Message>
			<Message LcId="1033">Wrong HMSG.</Message>
		</Event>
		<Event>
			<Id>6</Id>
			<Message LcId="1031">Ziel-Port nicht gefunden – ADS Server ist nicht gestartet oder erreichbar.</Message>
			<Message LcId="1033">Target port not found – ADS server is not started or is not reachable.</Message>
		</Event>
		<Event>
			<Id>7</Id>
			<Message LcId="1033">Target computer not found – AMS route was not found. </Message>
		</Event>
		<Event>
			<Id>8</Id>
			<Message LcId="1031">Unbekannte Befehl-ID.</Message>
			<Message LcId="1033">Unknown command ID.</Message>
		</Event>
		<Event>
			<Id>9</Id>
			<Message LcId="1031">Ungültige Task-ID.</Message>
			<Message LcId="1033">Invalid task ID.</Message>
		</Event>
		<Event>
			<Id>10</Id>
			<Message LcId="1031">Kein IO.</Message>
			<Message LcId="1033">No IO.</Message>
		</Event>
		<Event>
			<Id>11</Id>
			<Message LcId="1031">Unbekannter AMS-Befehl.</Message>
			<Message LcId="1033">Unknown AMS command.</Message>
		</Event>
		<Event>
			<Id>12</Id>
			<Message LcId="1031">Win32 Fehler.</Message>
			<Message LcId="1033">Win32 error.</Message>
		</Event>
		<Event>
			<Id>13</Id>
			<Message LcId="1031">Port nicht verbunden.</Message>
			<Message LcId="1033">Port not connected.</Message>
		</Event>
		<Event>
			<Id>14</Id>
			<Message LcId="1031">Ungültige AMS-Länge.</Message>
			<Message LcId="1033">Invalid AMS length.</Message>
		</Event>
		<Event>
			<Id>15</Id>
			<Message LcId="1031">Ungültige AMS Net ID.</Message>
			<Message LcId="1033">Invalid AMS Net ID.</Message>
		</Event>
		<Event>
			<Id>16</Id>
			<Message LcId="1031">Installations-Level ist zu niedrig – TwinCAT 2 Lizenzfehler.</Message>
			<Message LcId="1033">Low installation level – TwinCAT 2 license error.</Message>
		</Event>
		<Event>
			<Id>17</Id>
			<Message LcId="1031">Kein Debugging verfügbar.</Message>
			<Message LcId="1033">No debugging available.</Message>
		</Event>
		<Event>
			<Id>18</Id>
			<Message LcId="1031">Port deaktiviert – TwinCAT System Service nicht gestartet.</Message>
			<Message LcId="1033">Port disabled – TwinCAT system service not started.</Message>
		</Event>
		<Event>
			<Id>19</Id>
			<Message LcId="1031">Port bereits verbunden.</Message>
			<Message LcId="1033">Port already connected.</Message>
		</Event>
		<Event>
			<Id>20</Id>
			<Message LcId="1031">AMS Sync Win32 Fehler.</Message>
			<Message LcId="1033">AMS Sync Win32 error.</Message>
		</Event>
		<Event>
			<Id>21</Id>
			<Message LcId="1031">AMS Sync Timeout.</Message>
			<Message LcId="1033">AMS Sync Timeout.</Message>
		</Event>
		<Event>
			<Id>22</Id>
			<Message LcId="1031">AMS Sync Fehler.</Message>
			<Message LcId="1033">AMS Sync error.</Message>
		</Event>
		<Event>
			<Id>23</Id>
			<Message LcId="1031">Keine Index-Map für AMS Sync vorhanden.</Message>
			<Message LcId="1033">No index map for AMS Sync available.</Message>
		</Event>
		<Event>
			<Id>24</Id>
			<Message LcId="1031">Ungültiger AMS-Port.</Message>
			<Message LcId="1033">Invalid AMS port.</Message>
		</Event>
		<Event>
			<Id>25</Id>
			<Message LcId="1031">Kein Speicher.</Message>
			<Message LcId="1033">No memory.</Message>
		</Event>
		<Event>
			<Id>26</Id>
			<Message LcId="1031">TCP Sendefehler.</Message>
			<Message LcId="1033">TCP send error.</Message>
		</Event>
		<Event>
			<Id>27</Id>
			<Message LcId="1031">Host nicht erreichbar.</Message>
			<Message LcId="1033">Host unreachable.</Message>
		</Event>
		<Event>
			<Id>28</Id>
			<Message LcId="1031">Ungültiges AMS Fragment.</Message>
			<Message LcId="1033">Invalid AMS fragment.</Message>
		</Event>
		<Event>
			<Id>29</Id>
			<Message LcId="1031">TLS Sendefehler – Secure ADS Verbindung fehlgeschlagen.</Message>
			<Message LcId="1033">TLS send error – secure ADS connection failed.</Message>
		</Event>
		<Event>
			<Id>30</Id>
			<Message LcId="1031">Zugriff Verweigert – Secure ADS Zugriff verweigert.</Message>
			<Message LcId="1033">Access denied – secure ADS access denied.</Message>
		</Event>
	</Source>
	<Source>
		<GUID>{7D760066-D373-4A0C-B0F1-328B1620B0F0}</GUID>
		<Name LcId="1033">TcGeneralAdsEventClass</Name>
		<Event>
			<Id>1792</Id>
			<Message LcId="1031">Allgemeiner Gerätefehler.</Message>
			<Message LcId="1033">General device error.</Message>
		</Event>
		<Event>
			<Id>1793</Id>
			<Message LcId="1031">Service wird vom Server nicht unterstützt.</Message>
			<Message LcId="1033">Service is not supported by the server.</Message>
		</Event>
		<Event>
			<Id>1794</Id>
			<Message LcId="1031">Ungültige Index-Gruppe.</Message>
			<Message LcId="1033">Invalid index group.</Message>
		</Event>
		<Event>
			<Id>1795</Id>
			<Message LcId="1031">Ungültiger Index-Offset.</Message>
			<Message LcId="1033">Invalid index offset.</Message>
		</Event>
		<Event>
			<Id>1796</Id>
			<Message LcId="1031">Lesen oder Schreiben ist nicht gestattet.</Message>
			<Message LcId="1033">Reading or writing is not permitted.</Message>
		</Event>
		<Event>
			<Id>1797</Id>
			<Message LcId="1031">Parametergröße ist nicht korrekt.</Message>
			<Message LcId="1033">Parameter size is not correct.</Message>
		</Event>
		<Event>
			<Id>1798</Id>
			<Message LcId="1031">Ungültige Daten-Werte.</Message>
			<Message LcId="1033">Invalid data value(s).</Message>
		</Event>
		<Event>
			<Id>1799</Id>
			<Message LcId="1031">Gerät ist nicht betriebsbereit.</Message>
			<Message LcId="1033">Device is not ready to operate.</Message>
		</Event>
		<Event>
			<Id>1800</Id>
			<Message LcId="1031">Gerät ist beschäftigt.</Message>
			<Message LcId="1033">Device is busy.</Message>
		</Event>
		<Event>
			<Id>1801</Id>
			<Message LcId="1031">Ungültiger Kontext vom Betriebssystem. Kann durch Verwendung von ADS Bausteinen in unterschiedlichen Tasks auftreten.</Message>
			<Message LcId="1033">Invalid operating system context. This can result from use of ADS function blocks in different tasks.</Message>
		</Event>
		<Event>
			<Id>1802</Id>
			<Message LcId="1031">Nicht genügend Speicher.</Message>
			<Message LcId="1033">Insufficient memory.</Message>
		</Event>
		<Event>
			<Id>1803</Id>
			<Message LcId="1031">Ungültige Parameter-Werte.</Message>
			<Message LcId="1033">Invalid parameter value(s).</Message>
		</Event>
		<Event>
			<Id>1804</Id>
			<Message LcId="1031">Nicht gefunden (Dateien,...).</Message>
			<Message LcId="1033">Not found (files, ...).</Message>
		</Event>
		<Event>
			<Id>1805</Id>
			<Message LcId="1031">Syntax-Fehler in Datei oder Befehl.</Message>
			<Message LcId="1033">Syntax error in file or command.</Message>
		</Event>
		<Event>
			<Id>1806</Id>
			<Message LcId="1031">Objekte stimmen nicht überein.</Message>
			<Message LcId="1033">Objects do not match.</Message>
		</Event>
		<Event>
			<Id>1807</Id>
			<Message LcId="1031">Objekt ist bereits vorhanden.</Message>
			<Message LcId="1033">Object already exists.</Message>
		</Event>
		<Event>
			<Id>1808</Id>
			<Message LcId="1031">Symbol nicht gefunden.</Message>
			<Message LcId="1033">Symbol was not found.</Message>
		</Event>
		<Event>
			<Id>1809</Id>
			<Message LcId="1031">Symbol-Version ist ungültig. Kann durch einen Online-Change auftreten. Erzeuge einen neuen Handle.</Message>
			<Message LcId="1033">Invalid symbol version. This can occur due to an online change. Create a new handle.</Message>
		</Event>
		<Event>
			<Id>1810</Id>
			<Message LcId="1031">Gerät (Server) ist im ungültigen Zustand.</Message>
			<Message LcId="1033">Device (server) is in invalid state.</Message>
		</Event>
		<Event>
			<Id>1811</Id>
			<Message LcId="1031">AdsTransMode wird nicht unterstützt.</Message>
			<Message LcId="1033">AdsTransMode is not supported.</Message>
		</Event>
		<Event>
			<Id>1812</Id>
			<Message LcId="1031">Notification Handle ist ungültig.</Message>
			<Message LcId="1033">Notification handle is invalid.</Message>
		</Event>
		<Event>
			<Id>1813</Id>
			<Message LcId="1031">Notification-Client nicht registriert. </Message>
			<Message LcId="1033">Notification client is not registered.</Message>
		</Event>
		<Event>
			<Id>1814</Id>
			<Message LcId="1031">Keine weiteren Notification Handles.</Message>
			<Message LcId="1033">No further notification handles.</Message>
		</Event>
		<Event>
			<Id>1815</Id>
			<Message LcId="1031">Größe der Notification zu groß.</Message>
			<Message LcId="1033">Notification size too large.</Message>
		</Event>
		<Event>
			<Id>1816</Id>
			<Message LcId="1031">Gerät ist nicht initialisiert.</Message>
			<Message LcId="1033">Device is not initialized.</Message>
		</Event>
		<Event>
			<Id>1817</Id>
			<Message LcId="1031">Gerät hat einen Timeout.</Message>
			<Message LcId="1033">Device has a timeout.</Message>
		</Event>
		<Event>
			<Id>1818</Id>
			<Message LcId="1031">Interface Abfrage fehlgeschlagen.</Message>
			<Message LcId="1033">Interface query failed.</Message>
		</Event>
		<Event>
			<Id>1819</Id>
			<Message LcId="1031">Falsches Interface angefordert. </Message>
			<Message LcId="1033">Wrong interface is requested.</Message>
		</Event>
		<Event>
			<Id>1820</Id>
			<Message LcId="1031">Class-ID ist ungültig.</Message>
			<Message LcId="1033">Class ID is invalid.</Message>
		</Event>
		<Event>
			<Id>1821</Id>
			<Message LcId="1031">Object-ID ist ungültig.</Message>
			<Message LcId="1033">Object ID is invalid.</Message>
		</Event>
		<Event>
			<Id>1822</Id>
			<Message LcId="1031">Anforderung steht aus.</Message>
			<Message LcId="1033">Request pending.</Message>
		</Event>
		<Event>
			<Id>1823</Id>
			<Message LcId="1031">Anforderung wird abgebrochen.</Message>
			<Message LcId="1033">Request is aborted.</Message>
		</Event>
		<Event>
			<Id>1824</Id>
			<Message LcId="1031">Signal-Warnung.</Message>
			<Message LcId="1033">Signal warning.</Message>
		</Event>
		<Event>
			<Id>1825</Id>
			<Message LcId="1031">Ungültiger Array-Index.</Message>
			<Message LcId="1033">Invalid array index.</Message>
		</Event>
		<Event>
			<Id>1826</Id>
			<Message LcId="1031">Symbol ist nicht aktiv.</Message>
			<Message LcId="1033">Symbol is not active.</Message>
		</Event>
		<Event>
			<Id>1827</Id>
			<Message LcId="1031">Zugriff verweigert.</Message>
			<Message LcId="1033">Access denied.</Message>
		</Event>
		<Event>
			<Id>1828</Id>
			<Message LcId="1031">Fehlende Lizenz.</Message>
			<Message LcId="1033">Missing license.</Message>
		</Event>
		<Event>
			<Id>1829</Id>
			<Message LcId="1031">Lizenz abgelaufen.</Message>
			<Message LcId="1033">License is expired.</Message>
		</Event>
		<Event>
			<Id>1830</Id>
			<Message LcId="1031">Lizenz überschritten.</Message>
			<Message LcId="1033">License is exceeded.</Message>
		</Event>
		<Event>
			<Id>1831</Id>
			<Message LcId="1031">Lizenz ungültig.</Message>
			<Message LcId="1033">License is invalid.</Message>
		</Event>
		<Event>
			<Id>1832</Id>
			<Message LcId="1031">Lizenzproblem: System-ID ist ungültig.</Message>
			<Message LcId="1033">License problem: System ID is invalid.</Message>
		</Event>
		<Event>
			<Id>1833</Id>
			<Message LcId="1031">Lizenz nicht zeitlich begrenzt.</Message>
			<Message LcId="1033">License not limited in time.</Message>
		</Event>
		<Event>
			<Id>1834</Id>
			<Message LcId="1031">Lizenzproblem: Zeitpunkt in der Zukunft.</Message>
			<Message LcId="1033">License problem: Time in the future.</Message>
		</Event>
		<Event>
			<Id>1835</Id>
			<Message LcId="1031">Lizenz-Zeitraum ist zu lang.</Message>
			<Message LcId="1033">License time period is too long.</Message>
		</Event>
		<Event>
			<Id>1836</Id>
			<Message LcId="1031">Exception beim Systemstart.</Message>
			<Message LcId="1033">Exception at system startup.</Message>
		</Event>
		<Event>
			<Id>1837</Id>
			<Message LcId="1031">Lizenz-Datei zweimal gelesen.</Message>
			<Message LcId="1033">License file is read twice.</Message>
		</Event>
		<Event>
			<Id>1838</Id>
			<Message LcId="1031">Ungültige Signatur.</Message>
			<Message LcId="1033">Invalid signature.</Message>
		</Event>
		<Event>
			<Id>1839</Id>
			<Message LcId="1031">Zertifikat ungültig.</Message>
			<Message LcId="1033">Invalid certificate.</Message>
		</Event>
		<Event>
			<Id>1840</Id>
			<Message LcId="1031">Public Key vom OEM nicht bekannt.</Message>
			<Message LcId="1033">Public key not known from OEM.</Message>
		</Event>
		<Event>
			<Id>1841</Id>
			<Message LcId="1031">Lizenz nicht gültig für diese System-ID.</Message>
			<Message LcId="1033">License not valid for this system ID.</Message>
		</Event>
		<Event>
			<Id>1842</Id>
			<Message LcId="1031">Demo-Lizenz untersagt.</Message>
			<Message LcId="1033">Demo license prohibited.</Message>
		</Event>
		<Event>
			<Id>1843</Id>
			<Message LcId="1031">Funktions-ID ungültig.</Message>
			<Message LcId="1033">Invalid function ID.</Message>
		</Event>
		<Event>
			<Id>1844</Id>
			<Message LcId="1031">Außerhalb des gültigen Bereiches.</Message>
			<Message LcId="1033">Outside the valid range.</Message>
		</Event>
		<Event>
			<Id>1845</Id>
			<Message LcId="1031">Ungültiges Alignment.</Message>
			<Message LcId="1033">Invalid alignment.</Message>
		</Event>
		<Event>
			<Id>1846</Id>
			<Message LcId="1031">Ungültiger Plattform Level.</Message>
			<Message LcId="1033">Invalid platform level.</Message>
		</Event>
		<Event>
			<Id>1847</Id>
			<Message LcId="1031">Kontext – Weiterleitung zum Passiv-Level.</Message>
			<Message LcId="1033">Context – forward to passive level.</Message>
		</Event>
		<Event>
			<Id>1848</Id>
			<Message LcId="1031">Kontext – Weiterleitung zum Dispatch-Level.</Message>
			<Message LcId="1033">Context – forward to dispatch level.</Message>
		</Event>
		<Event>
			<Id>1849</Id>
			<Message LcId="1031">Kontext – Weiterleitung zur Echtzeit.</Message>
			<Message LcId="1033">Context – forward to real-time.</Message>
		</Event>
		<Event>
			<Id>1857</Id>
			<Message LcId="1031">Dienst enthält einen ungültigen Parameter. </Message>
			<Message LcId="1033">Service contains an invalid parameter.</Message>
		</Event>
		<Event>
			<Id>1858</Id>
			<Message LcId="1031">Polling-Liste ist leer.</Message>
			<Message LcId="1033">Polling list is empty.</Message>
		</Event>
		<Event>
			<Id>1859</Id>
			<Message LcId="1031">Variablen-Verbindung bereits im Einsatz.</Message>
			<Message LcId="1033">Variable connection is already in use.</Message>
		</Event>
		<Event>
			<Id>1860</Id>
			<Message LcId="1031">Die Invoke-ID ist bereits in Benutzung.</Message>
			<Message LcId="1033">Invoke ID is already in use.</Message>
		</Event>
		<Event>
			<Id>1861</Id>
			<Message LcId="1031">Timeout ist aufgetreten – Die Gegenstelle antwortet nicht im vorgegebenen ADS Timeout.</Message>
			<Message LcId="1033">Timeout has occurred – the remote terminal is not responding in the specified ADS timeout.</Message>
		</Event>
		<Event>
			<Id>1862</Id>
			<Message LcId="1031">Fehler im Win32 Subsystem.</Message>
			<Message LcId="1033">Error in Win32 subsystem</Message>
		</Event>
		<Event>
			<Id>1863</Id>
			<Message LcId="1031">Ungültiger Client Timeout-Wert.</Message>
			<Message LcId="1033">Invalid client timeout value.</Message>
		</Event>
		<Event>
			<Id>1864</Id>
			<Message LcId="1031">Port nicht geöffnet.</Message>
			<Message LcId="1033">Port is not open.</Message>
		</Event>
		<Event>
			<Id>1865</Id>
			<Message LcId="1031">Keine AMS Adresse.</Message>
			<Message LcId="1033">No AMS address.</Message>
		</Event>
		<Event>
			<Id>1872</Id>
			<Message LcId="1031">Interner Fehler in Ads-Sync.</Message>
			<Message LcId="1033">Internal error in Ads sync.</Message>
		</Event>
		<Event>
			<Id>1873</Id>
			<Message LcId="1031">Überlauf der Hash-Tabelle.</Message>
			<Message LcId="1033">Hash table overflow.</Message>
		</Event>
		<Event>
			<Id>1874</Id>
			<Message LcId="1031">Schlüssel in der Hash-Tabelle nicht gefunden.</Message>
			<Message LcId="1033">Key not found in hash table.</Message>
		</Event>
		<Event>
			<Id>1875</Id>
			<Message LcId="1031">Keine Symbole im Cache.</Message>
			<Message LcId="1033">No symbols in the cache.</Message>
		</Event>
		<Event>
			<Id>1876</Id>
			<Message LcId="1031">Ungültige Antwort erhalten.</Message>
			<Message LcId="1033">Invalid response received</Message>
		</Event>
		<Event>
			<Id>1877</Id>
			<Message LcId="1031">Sync Port ist verriegelt.</Message>
			<Message LcId="1033">Sync port is locked.</Message>
		</Event>
	</Source>
	<Source>
		<GUID>{E759605A-2341-48FC-9F3F-C8FA405C4B24}</GUID>
		<Name LcId="1033">TcRouterEventClass</Name>
		<Event>
			<Id>1280</Id>
			<Message LcId="1031">Lockierter Speicher kann nicht zugewiesen werden.</Message>
			<Message LcId="1033">Locked memory cannot be allocated.</Message>
		</Event>
		<Event>
			<Id>1281</Id>
			<Message LcId="1031">Die Größe des Routerspeichers konnte nicht geändert werden.</Message>
			<Message LcId="1033">The router memory size could not be changed.</Message>
		</Event>
		<Event>
			<Id>1282</Id>
			<Message LcId="1031">Das Postfach hat die maximale Anzahl der möglichen Meldungen erreicht.</Message>
			<Message LcId="1033">The mailbox has reached the maximum number of possible messages.</Message>
		</Event>
		<Event>
			<Id>1283</Id>
			<Message LcId="1031">Das Debug Postfach hat die maximale Anzahl der möglichen Meldungen erreicht.</Message>
			<Message LcId="1033">The debug mailbox has reached the maximum number of possible messages.</Message>
		</Event>
		<Event>
			<Id>1284</Id>
			<Message LcId="1031">Der Porttyp ist unbekannt.</Message>
			<Message LcId="1033">The port type is unknown.</Message>
		</Event>
		<Event>
			<Id>1285</Id>
			<Message LcId="1031">Der TwinCAT Router ist nicht initialisiert.</Message>
			<Message LcId="1033">TwinCAT Router is not initialised.</Message>
		</Event>
		<Event>
			<Id>1286</Id>
			<Message LcId="1031">Die Portnummer ist bereits vergeben.</Message>
			<Message LcId="1033">The port number is already assigned.</Message>
		</Event>
		<Event>
			<Id>1287</Id>
			<Message LcId="1031">Der Port ist nicht registriert.</Message>
			<Message LcId="1033">The port is not registered.</Message>
		</Event>
		<Event>
			<Id>1288</Id>
			<Message LcId="1031">Die maximale Portanzahl ist erreicht.</Message>
			<Message LcId="1033">The maximum number of ports has been reached.</Message>
		</Event>
		<Event>
			<Id>1289</Id>
			<Message LcId="1031">Der Port ist ungültig.</Message>
			<Message LcId="1033">The port is invalid.</Message>
		</Event>
		<Event>
			<Id>1290</Id>
			<Message LcId="1031">Der TwinCAT Router ist nicht aktiv.</Message>
			<Message LcId="1033">TwinCAT Router is not active.</Message>
		</Event>
		<Event>
			<Id>1291</Id>
			<Message LcId="1031">Das Postfach hat die maximale Anzahl für fragmentierte Nachrichten erreicht.</Message>
			<Message LcId="1033">The mailbox has reached the maximum number for fragmented messages.</Message>
		</Event>
		<Event>
			<Id>1292</Id>
			<Message LcId="1031">Fragment Timeout aufgetreten.</Message>
			<Message LcId="1033">A fragment timeout has occurred.</Message>
		</Event>
		<Event>
			<Id>1293</Id>
			<Message LcId="1031">Port wird entfernt.</Message>
			<Message LcId="1033">The port is removed.</Message>
		</Event>
	</Source>
	<Source>
		<GUID>{50589DC3-B77C-43F0-B22C-9AF68E6F524D}</GUID>
		<Name LcId="1033">TcConditionMonitoringEventClass</Name>
		<Event>
			<Id>#x0100</Id>
			<Message LcId="1031">Allgemeiner Logikfehler</Message>
			<Message LcId="1033">General logic error</Message>
		</Event>
		<Event>
			<Id>#x0102</Id>
			<Message LcId="1031">Funktion ist noch nicht implementiert.</Message>
			<Message LcId="1033">Function is not yet implemented.</Message>
		</Event>
		<Event>
			<Id>#x0110</Id>
			<Message LcId="1031">Algorithmus ist nicht korrekt initialisiert.</Message>
			<Message LcId="1033">Algorithm is not initialized correctly.</Message>
		</Event>
		<Event>
			<Id>#x0125</Id>
			<Message LcId="1031">Operation ist für den Objektzustand ungültig (eObjState = {0}).</Message>
			<Message LcId="1033">Operation is invalid for current object state (eObjState = {0}).</Message>
		</Event>
		<Event>
			<Id>#x1000</Id>
			<Message LcId="1031">Allgemeiner Konfigurationsfehler</Message>
			<Message LcId="1033">General configuration error</Message>
		</Event>
		<Event>
			<Id>#x1100</Id>
			<Message LcId="1031">Speicherallokation ist fehlgeschlagen.</Message>
			<Message LcId="1033">Memory allocation failed.</Message>
		</Event>
		<Event>
			<Id>#x1800</Id>
			<Message LcId="1031">Konfigurationsparameter ist nicht gültig.</Message>
			<Message LcId="1033">Configuration parameter is not valid.</Message>
		</Event>
		<Event>
			<Id>#x1900</Id>
			<Message LcId="1031">Konfigurationsparameter ist außerhalb des Bereichs.</Message>
			<Message LcId="1033">Configuration parameter is out of range.</Message>
		</Event>
		<Event>
			<Id>#x1901</Id>
			<Message LcId="1031">Parameter ist keine Zweierpotenz wie gefordert (nFFT_Length = {0}).</Message>
			<Message LcId="1033">Parameter is not a power of two as required (nFFT_Length = {0}).</Message>
		</Event>
		<Event>
			<Id>#x1902</Id>
			<Message LcId="1031">Die FFT-Länge ist null.</Message>
			<Message LcId="1033">FFT length is zero.</Message>
		</Event>
		<Event>
			<Id>#x1903</Id>
			<Message LcId="1031">Dezibelschwelle ist zu niedrig, was Unterlauf verursachen könnte (fDecibelThreshold = {0}).</Message>
			<Message LcId="1033">Decibel threshold is too small, which would cause underflow (fDecibelThreshold = {0}).</Message>
		</Event>
		<Event>
			<Id>#x1904</Id>
			<Message LcId="1031">Logarithmenschwelle ist zu niedrig, was Unterlauf verursachen könnte (fLogThreshold = {0}).</Message>
			<Message LcId="1033">Logarithm threshold is too small, which would cause underflow (fLogThreshold = {0}).</Message>
		</Event>
		<Event>
			<Id>#x1905</Id>
			<Message LcId="1031">Eingangslänge ist zu klein. Wert muss mindestens zwei sein (nInLength = {0}).</Message>
			<Message LcId="1033">Input length is too small. Value must be at least two (nInLength = {0}).</Message>
		</Event>
		<Event>
			<Id>#x190D</Id>
			<Message LcId="1031">Anzahl der Kanäle ist null.</Message>
			<Message LcId="1033">Number of channels is zero.</Message>
		</Event>
		<Event>
			<Id>#x190E</Id>
			<Message LcId="1031">Anzahl der Behälter ist null.</Message>
			<Message LcId="1033">Number of bins is zero.</Message>
		</Event>
		<Event>
			<Id>#x190F</Id>
			<Message LcId="1031">Untere Grenze ist nicht kleiner als obere Grenze.</Message>
			<Message LcId="1033">Lower limit is not smaller than upper limit.</Message>
		</Event>
		<Event>
			<Id>#x1910</Id>
			<Message LcId="1031">Skalierungstyp ist nicht bekannt (eScalingType = {0}).</Message>
			<Message LcId="1033">Scaling type is unknown (eScalingType = {0}).</Message>
		</Event>
		<Event>
			<Id>#x1911</Id>
			<Message LcId="1031">Quantilargument liegt außerhalb [0 .. 1].</Message>
			<Message LcId="1033">Quantile argument is outside [0 .. 1].</Message>
		</Event>
		<Event>
			<Id>#x1912</Id>
			<Message LcId="1031">Schwellwert Reihenfolge ist ungültig. Die Schwellwerte müssen in aufsteigender Reihenfolge sein.</Message>
			<Message LcId="1033">Threshold order is illegal. The thresholds must be in ascending order.</Message>
		</Event>
		<Event>
			<Id>#x1913</Id>
			<Message LcId="1031">Mehr Schwellwerte angegeben als konfiguriert ({0} = {1}).</Message>
			<Message LcId="1033">More threshold values given than configured ({0} = {1}).</Message>
		</Event>
		<Event>
			<Id>#x1914</Id>
			<Message LcId="1031">Integrationsgrenze ist zu niedrig.</Message>
			<Message LcId="1033">Integration limit is too low.</Message>
		</Event>
		<Event>
			<Id>#x1915</Id>
			<Message LcId="1031">Integrationsgrenze ist zu hoch.</Message>
			<Message LcId="1033">Integration limit is too high.</Message>
		</Event>
		<Event>
			<Id>#x1916</Id>
			<Message LcId="1031">Integrationsgrenzen sind inkonsistent.</Message>
			<Message LcId="1033">Integration limits are inconsistent.</Message>
		</Event>
		<Event>
			<Id>#x1917</Id>
			<Message LcId="1031">Abtastrate ist null oder negativ (fSampleRate = {0}).</Message>
			<Message LcId="1033">Sample rate is zero or negative (fSampleRate = {0}).</Message>
		</Event>
		<Event>
			<Id>#x191A</Id>
			<Message LcId="1031">Übergebene Zeitkonstante ist zu klein.</Message>
			<Message LcId="1033">Passed time constant is too small.</Message>
		</Event>
		<Event>
			<Id>#x192C</Id>
			<Message LcId="1031">Skalierungsfaktor ist ungültig (fScaleFactor = {0}).</Message>
			<Message LcId="1033">Scale factor is invalid (fScaleFactor = {0}).</Message>
		</Event>
		<Event>
			<Id>#x192D</Id>
			<Message LcId="1031">Divisionsschwelle ist zu niedrig, was Unterlauf verursachen könnte (fDivThreshold = {0}).</Message>
			<Message LcId="1033">Division threshold is too small, which would cause underflow (fDivThreshold = {0}).</Message>
		</Event>
		<Event>
			<Id>#x192E</Id>
			<Message LcId="1031">Anzahl konfigurierbarer Bänder ist null.</Message>
			<Message LcId="1033">Number of configurable bands is zero.</Message>
		</Event>
		<Event>
			<Id>#x192F</Id>
			<Message LcId="1031">Ordnung ist unzulässig (nOrder = {0}).</Message>
			<Message LcId="1033">Order is invalid (nOrder = {0}).</Message>
		</Event>
		<Event>
			<Id>#x1930</Id>
			<Message LcId="1031">Abklingzeit ist unzulässig (nicht in [{0}..{1}]).</Message>
			<Message LcId="1033">Decay time is invalid (not in [{0}..{1}]).</Message>
		</Event>
		<Event>
			<Id>#x1931</Id>
			<Message LcId="1031">Anzahl der Mittelwertsbehälter ist null.</Message>
			<Message LcId="1033">Number of mean bins is zero.</Message>
		</Event>
		<Event>
			<Id>#x1932</Id>
			<Message LcId="1031">Additiver Schaden ist unzulässig.</Message>
			<Message LcId="1033">Additional damage is invalid.</Message>
		</Event>
		<Event>
			<Id>#x1933</Id>
			<Message LcId="1031">Behälterbreite ist unzulässig.</Message>
			<Message LcId="1033">Bin width is invalid.</Message>
		</Event>
		<Event>
			<Id>#x1934</Id>
			<Message LcId="1031">Zugefstigkeitsparameter is unzulässig.</Message>
			<Message LcId="1033">Ultimate tensile strength is not valid.</Message>
		</Event>
		<Event>
			<Id>#x1B00</Id>
			<Message LcId="1031">Parameterabhängigkeit ist nicht erfüllt.</Message>
			<Message LcId="1033">Parameter dependency does not met.</Message>
		</Event>
		<Event>
			<Id>#x1B01</Id>
			<Message LcId="1031">Fensterlänge ist größer als FFT-Länge (nWindowLength = {0}, nFFT_Length = {1}).</Message>
			<Message LcId="1033">Window length is larger than FFT length (nWindowLength = {0}, nFFT_Length = {1}).</Message>
		</Event>
		<Event>
			<Id>#x1B06</Id>
			<Message LcId="1031">Überlappung ist größer als Pufferlänge (nOverlap = {0}, nBufferLength = {1}).</Message>
			<Message LcId="1033">Overlap is larger than buffer length (nOverlap = {0}, nBufferLength = {1}).</Message>
		</Event>
		<Event>
			<Id>#x2000</Id>
			<Message LcId="1031">Allgemeiner Laufzeitfehler</Message>
			<Message LcId="1033">General runtime error</Message>
		</Event>
		<Event>
			<Id>#x2011</Id>
			<Message LcId="1031">Unzulässiger (Schnittstellen-) Zeiger oder Speicheradresse</Message>
			<Message LcId="1033">Illegal (interface) pointer or memory address</Message>
		</Event>
		<Event>
			<Id>#x2015</Id>
			<Message LcId="1031">Eingangsdaten sind nicht monoton wie verlangt.</Message>
			<Message LcId="1033">Input data is not monotonous as required.</Message>
		</Event>
		<Event>
			<Id>#x2016</Id>
			<Message LcId="1031">Ergebnisse auf mindestens einem Kanal sind fehlerhaft.</Message>
			<Message LcId="1033">Results on at least one channel are errornous.</Message>
		</Event>
		<Event>
			<Id>#x2021</Id>
			<Message LcId="1031">Unzulässiger Datenpuffer</Message>
			<Message LcId="1033">Illegal data buffer</Message>
		</Event>
		<Event>
			<Id>#x2023</Id>
			<Message LcId="1031">Unzulässige Eingangspufferparameter</Message>
			<Message LcId="1033">Illegal input signature</Message>
		</Event>
		<Event>
			<Id>#x2025</Id>
			<Message LcId="1031">Eingangspuffer hat unzulässige Anzahl an Dimensionen.</Message>
			<Message LcId="1033">Input data has illegal number of dimensions.</Message>
		</Event>
		<Event>
			<Id>#x2026</Id>
			<Message LcId="1031">Eingangspuffer hat unzulässige Form.</Message>
			<Message LcId="1033">Input data has illegal shape.</Message>
		</Event>
		<Event>
			<Id>#x2028</Id>
			<Message LcId="1031">Unzulässiger Elementtyp des Eingangspuffers</Message>
			<Message LcId="1033">Illegal element type of input data stream</Message>
		</Event>
		<Event>
			<Id>#x202A</Id>
			<Message LcId="1031">Kein Multiarray als Eingangsparameter übergeben.</Message>
			<Message LcId="1033">No multiarray passed as input parameter.</Message>
		</Event>
		<Event>
			<Id>#x2030</Id>
			<Message LcId="1031">Unzulässige Ausgangspufferparameter</Message>
			<Message LcId="1033">Illegal output signature</Message>
		</Event>
		<Event>
			<Id>#x2032</Id>
			<Message LcId="1031">Ausgangspuffer hat unzulässige Anzahl an Dimensionen.</Message>
			<Message LcId="1033">Output buffer has illegal number of dimensions.</Message>
		</Event>
		<Event>
			<Id>#x2033</Id>
			<Message LcId="1031">Ausgangspuffer hat unzulässige Form.</Message>
			<Message LcId="1033">Output buffer has illegal shape.</Message>
		</Event>
		<Event>
			<Id>#x2034</Id>
			<Message LcId="1031">Unzulässiger Elementtyp des Ausgangspuffers</Message>
			<Message LcId="1033">Illegal element type of output data buffer</Message>
		</Event>
		<Event>
			<Id>#x2035</Id>
			<Message LcId="1031">Kein Multiarray als Ausgangsparameter übergeben.</Message>
			<Message LcId="1033">No multiarray passed as output parameter.</Message>
		</Event>
		<Event>
			<Id>#x2060</Id>
			<Message LcId="1031">Allgemeiner Interpolationsfehler</Message>
			<Message LcId="1033">General interpolation error</Message>
		</Event>
		<Event>
			<Id>#x2063</Id>
			<Message LcId="1031">Eingangsdaten sind außerhalb der Grenzen.</Message>
			<Message LcId="1033">Input data is out of bounds.</Message>
		</Event>
		<Event>
			<Id>#x2064</Id>
			<Message LcId="1031">Array mit Eingangsdaten hat unzulässige Größe für verwendete Methode.</Message>
			<Message LcId="1033">Array with input data has invalid dimension for used method.</Message>
		</Event>
		<Event>
			<Id>#x2065</Id>
			<Message LcId="1031">Beschränkungen an die Ableitungen an den Endpunkten können nicht eingehalten werden.</Message>
			<Message LcId="1033">Constraints on the derivatives at the end points can not be met.</Message>
		</Event>
		<Event>
			<Id>#xB101</Id>
			<Message LcId="1031">Modul hochgefahren.</Message>
			<Message LcId="1033">Module started.</Message>
		</Event>
		<Event>
			<Id>#xB102</Id>
			<Message LcId="1031">Modul heruntergefahren.</Message>
			<Message LcId="1033">Module shut down.</Message>
		</Event>
		<Event>
			<Id>#xB103</Id>
			<Message LcId="1031">Unzureichende Eingangsdaten für ein repräsentatives Ergebnis</Message>
			<Message LcId="1033">Insufficient inputdata for a representative result</Message>
		</Event>
		<Event>
			<Id>#xB104</Id>
			<Message LcId="1031">Eingangsdaten sind unzulässig.</Message>
			<Message LcId="1033">Input data is invalid.</Message>
		</Event>
		<Event>
			<Id>#xB105</Id>
			<Message LcId="1031">Ergebnisse auf mindestens einem Kanal sind mehrdeutig.</Message>
			<Message LcId="1033">Results on at least one channel are ambiguous.</Message>
		</Event>
		<Event>
			<Id>#xB106</Id>
			<Message LcId="1031">Konfigurierte Pufferlänge ist zu klein für Eingangsdaten (nBufferLength = {0}).</Message>
			<Message LcId="1033">Configured bufferlength is too small for input data (nBufferLength = {0}).</Message>
		</Event>
		<Event>
			<Id>#xB107</Id>
			<Message LcId="1031">Eingangsdaten sind merkwürdig.</Message>
			<Message LcId="1033">Input data is strange.</Message>
		</Event>
		<Event>
			<Id>#xB203</Id>
			<Message LcId="1031">FFT-Länge sollte mindestens 25% größer sein als Fensterlänge (nFFT_Length = {0}, nWindowLength = {1}).</Message>
			<Message LcId="1033">FFT length should be at least 25% larger than window length (nFFT_Length = {0}, nWindowLength = {1}).</Message>
		</Event>
		<Event>
			<Id>#xB204</Id>
			<Message LcId="1031">Verwendung eines veralteten Parameters; Wert verworfen ({0} = {1}).</Message>
			<Message LcId="1033">Use of deprecated parameter; value discarded ({0} = {1}).</Message>
		</Event>
		<Event>
			<Id>#xB205</Id>
			<Message LcId="1031"><![CDATA[Verwendung eines veralteten Parameters; Wert kopiert ({0} -> {1} = {2}).]]></Message>
			<Message LcId="1033"><![CDATA[Use of deprecated parameter; value copied ({0} -> {1} = {2}).]]></Message>
		</Event>
		<Event>
			<Id>#xB206</Id>
			<Message LcId="1031">Eingangsdaten sind unzulässig.</Message>
			<Message LcId="1033">Input data is invalid.</Message>
		</Event>
	</Source>
	<Source>
		<GUID>{001B9B8B-E3B8-4ED6-A5BE-A1469034AE85}</GUID>
		<Name LcId="1033">TcCMAnalysisEventClass</Name>
		<Event>
			<Id>#x101</Id>
			<Message LcId="1031">Ungültige OwnID der Analysekette wurde zugewiesen.</Message>
			<Message LcId="1033">Invalid OwnID of analysis chain was allocated.</Message>
		</Event>
		<Event>
			<Id>#x102</Id>
			<Message LcId="1031">Ungültige DestIDs der Analysekette wurden zugewiesen.</Message>
			<Message LcId="1033">Invalid DestIDs of analysis chain were allocated.</Message>
		</Event>
		<Event>
			<Id>#x103</Id>
			<Message LcId="1031">Ungültige Anzahl von MultiArrays zugewiesen (welche für Ergebnisse initialisiert werden sollen).</Message>
			<Message LcId="1033">Invalid number of MultiArrays (which should be initialized for results) was allocated.</Message>
		</Event>
		<Event>
			<Id>#x104</Id>
			<Message LcId="1031"><![CDATA[Ungültiges Timeout zugewiesen. (Bedingung: 0us << tTransferTimeout << Aufgabenzykluszeit)]]></Message>
			<Message LcId="1033"><![CDATA[Invalid timeout was allocated. (condition: 0us << tTransferTimeout << task cycle time)]]></Message>
		</Event>
		<Event>
			<Id>#x201</Id>
			<Message LcId="1031">Initialisierung ist nicht möglich. (Ursache: Illegaler Initialisierungskontext oder uninitialisierte interne Variablen)</Message>
			<Message LcId="1033">Initialization was not possible. (cause: illegal initialization context or uninitialized internal members)</Message>
		</Event>
		<Event>
			<Id>#x202</Id>
			<Message LcId="1031">Initialisierung vom TcTransferTray ist fehlgeschlagen. (Hinweis: TcCOM Objektzustände, Routerspeicher und TwinCAT-Version überprüfen.)</Message>
			<Message LcId="1033">Initialization of TcTransferTray has been failed. (hint: Check TcCOM object states, router memory and TwinCAT version.)</Message>
		</Event>
		<Event>
			<Id>#x203</Id>
			<Message LcId="1031">Die Analysekette ist inkorrekt. (Hinweis: Alle OwnIDs und DestIDs überprüfen.)</Message>
			<Message LcId="1033">The analysis chain is incorrect. (hint: Check all OwnIDs and DestIDs.)</Message>
		</Event>
		<Event>
			<Id>#x204</Id>
			<Message LcId="1031">Nicht genügend Streams vom TcTransferTray verfügbar. (Hinweis: Initialisierungsparameter vom TcTransferTray prüfen und anpassen.)</Message>
			<Message LcId="1033">Not enough streams of TcTransferTray available. (hint: Check and adjust init pars of TcTransferTray.)</Message>
		</Event>
		<Event>
			<Id>#x301</Id>
			<Message LcId="1031">Ein NULL-Zeiger wurde zugewiesen.</Message>
			<Message LcId="1033">A NULL pointer was allocated.</Message>
		</Event>
		<Event>
			<Id>#x302</Id>
			<Message LcId="1031">Ungültige Größe des Datenpuffers wurde zugewiesen.</Message>
			<Message LcId="1033">Invalid size of data buffer was allocated.</Message>
		</Event>
		<Event>
			<Id>#x303</Id>
			<Message LcId="1031">Ungültiger Elementtyp wurde zugewiesen.</Message>
			<Message LcId="1033">Invalid element type was allocated.</Message>
		</Event>
		<Event>
			<Id>#x304</Id>
			<Message LcId="1031">Anzahl der Elemente stimmt nicht überein. (Hinweis: Anzahl der Elemente, MultiArray Puffergröße und Startindex überprüfen.)</Message>
			<Message LcId="1033">Element count does not match. (hint: Check number of elements, MultiArray buffer size and start index.)</Message>
		</Event>
		<Event>
			<Id>#x305</Id>
			<Message LcId="1031">Ungültiger pStartIndex wurde zugewiesen (Hinweis: Puffergrößen überprüfen.)</Message>
			<Message LcId="1033">Invalid pStartIndex was allocated. (hint: Check buffer sizes.)</Message>
		</Event>
		<Event>
			<Id>#x311</Id>
			<Message LcId="1031">Der Algorithmus ist nicht konfiguriert. (Hinweis: Zuerst die Methode Configure() aufrufen.)</Message>
			<Message LcId="1033">The algorithm is not configured. (hint: Call method Configure() first.)</Message>
		</Event>
		<Event>
			<Id>#x321</Id>
			<Message LcId="1031">Es ist kein Multiarray zur Ergebnisausgabe verfügbar. (Hinweis: Analysekette, Zykluszeiten der Tasks und Anzahl der MultiArrays überprüfen.)</Message>
			<Message LcId="1033">No multiarray available for result output. (hint: Check analysis chain, task cycle times and the number of MultiArrays.)</Message>
		</Event>
	</Source>
	<Source>
		<GUID>{3B2D00FC-FA4A-4D01-9017-7C6E2BCE04D0}</GUID>
		<Name LcId="1033">TcMultiArrayEventClass</Name>
		<Event>
			<Id>#x0100</Id>
			<Message LcId="1031">Allgemeiner Logikfehler</Message>
			<Message LcId="1033">General logic error</Message>
		</Event>
		<Event>
			<Id>#x0102</Id>
			<Message LcId="1031">Funktion ist noch nicht implementiert.</Message>
			<Message LcId="1033">Function is not yet implemented.</Message>
		</Event>
		<Event>
			<Id>#x0110</Id>
			<Message LcId="1031">Algorithmus ist nicht korrekt initialisiert.</Message>
			<Message LcId="1033">Algorithm is not initialized correctly.</Message>
		</Event>
		<Event>
			<Id>#x0126</Id>
			<Message LcId="1031">Objekterstellung fehlgeschlagen. Vermutlich fehlt der Treiber oder ist veraltet.</Message>
			<Message LcId="1033">Object creation failed. Probably driver is missing or out-dated.</Message>
		</Event>
		<Event>
			<Id>#x1000</Id>
			<Message LcId="1031">Allgemeiner Konfigurationsfehler</Message>
			<Message LcId="1033">General configuration error</Message>
		</Event>
		<Event>
			<Id>#x1100</Id>
			<Message LcId="1031">Speicherallokation ist fehlgeschlagen.</Message>
			<Message LcId="1033">Memory allocation failed.</Message>
		</Event>
		<Event>
			<Id>#x1800</Id>
			<Message LcId="1031">Konfigurationsparameter ist nicht gültig.</Message>
			<Message LcId="1033">Configuration parameter is not valid.</Message>
		</Event>
		<Event>
			<Id>#x1900</Id>
			<Message LcId="1031">Konfigurationsparameter ist außerhalb des Bereichs.</Message>
			<Message LcId="1033">Configuration parameter is out of range.</Message>
		</Event>
		<Event>
			<Id>#x2000</Id>
			<Message LcId="1031">Allgemeiner Laufzeitfehler</Message>
			<Message LcId="1033">General runtime error</Message>
		</Event>
		<Event>
			<Id>#x2011</Id>
			<Message LcId="1031">Unzulässiger (Schnittstellen-) Zeiger oder Speicheradresse</Message>
			<Message LcId="1033">Illegal (interface) pointer or memory address</Message>
		</Event>
		<Event>
			<Id>#x2012</Id>
			<Message LcId="1031">MultiArray hat keine Daten (Produkt der Dimensionsgrößen ist null).</Message>
			<Message LcId="1033">Multiarray has no data (product of dimension sizes is zero).</Message>
		</Event>
		<Event>
			<Id>#x2013</Id>
			<Message LcId="1031">Es existiert bereits eine allokierte Instanz.</Message>
			<Message LcId="1033">There is already an allocated instance.</Message>
		</Event>
		<Event>
			<Id>#x2014</Id>
			<Message LcId="1031">Es existiert keine allokierte Instanz.</Message>
			<Message LcId="1033">There is no allocated or initialized instance.</Message>
		</Event>
		<Event>
			<Id>#x2021</Id>
			<Message LcId="1031">Unzulässiger Datenpuffer</Message>
			<Message LcId="1033">Illegal data buffer</Message>
		</Event>
		<Event>
			<Id>#x2022</Id>
			<Message LcId="1031">Unzulässige Größe des Teilarrays</Message>
			<Message LcId="1033">Illegal size of subarray</Message>
		</Event>
		<Event>
			<Id>#x2029</Id>
			<Message LcId="1031">Angeforderte Permutation der Dimensionen ist nicht zulässig.</Message>
			<Message LcId="1033">Requested permutation of dimensions is not valid.</Message>
		</Event>
		<Event>
			<Id>#x2023</Id>
			<Message LcId="1031">Unzulässige Eingangspufferparameter</Message>
			<Message LcId="1033">Illegal input signature</Message>
		</Event>
		<Event>
			<Id>#x2025</Id>
			<Message LcId="1031">Eingangspuffer hat unzulässige Anzahl an Dimensionen.</Message>
			<Message LcId="1033">Input data has illegal number of dimensions.</Message>
		</Event>
		<Event>
			<Id>#x2026</Id>
			<Message LcId="1031">Eingangspuffer hat unzulässige Form.</Message>
			<Message LcId="1033">Input data has illegal shape.</Message>
		</Event>
		<Event>
			<Id>#x2028</Id>
			<Message LcId="1031">Unzulässiger Elementtyp des Eingangspuffers</Message>
			<Message LcId="1033">Illegal element type of input data stream</Message>
		</Event>
		<Event>
			<Id>#x202A</Id>
			<Message LcId="1031">Kein Multiarray als Eingangsparameter übergeben.</Message>
			<Message LcId="1033">No multiarray passed as input parameter.</Message>
		</Event>
		<Event>
			<Id>#x2030</Id>
			<Message LcId="1031">Unzulässige Ausgangspufferparameter</Message>
			<Message LcId="1033">Illegal output signature</Message>
		</Event>
		<Event>
			<Id>#x2035</Id>
			<Message LcId="1031">Kein Multiarray als Ausgangsparameter übergeben.</Message>
			<Message LcId="1033">No multiarray passed as output parameter.</Message>
		</Event>
	</Source>
	<Source>
		<GUID>{C3E58C98-0755-4BD2-BAB7-F77F4E05E4B9}</GUID>
		<Name LcId="1031">TcFilter</Name>
		<Name LcId="1033">TcFilter</Name>
		<Event>
			<Id>#x1</Id>
			<Message LcId="1031">Dbg</Message>
			<Message LcId="1033">Dbg</Message>
		</Event>
		<Event>
			<Id>#x1001</Id>
			<Message LcId="1031">Fehler während der Initialisierung. Kein Routerspeicher verfügbar. Überprüfen Sie die Größe des Routerspeichers.</Message>
			<Message LcId="1033">Error during initialization. No router memory available. Check size of router memory.</Message>
		</Event>
		<Event>
			<Id>#x1002</Id>
			<Message LcId="1031">Fehler während des Zugriffs auf das Objektarchiv.</Message>
			<Message LcId="1033">Error during access to object archive.</Message>
		</Event>
		<Event>
			<Id>#x1003</Id>
			<Message LcId="1031">Meldung Objektarchiv</Message>
			<Message LcId="1033">Message object archive</Message>
		</Event>
		<Event>
			<Id>#x1004</Id>
			<Message LcId="1031"><![CDATA[Fehler in der Transition PREOP->SAFEOP]]></Message>
			<Message LcId="1033"><![CDATA[Error in Transition PREOP->SAFEOP]]></Message>
		</Event>
		<Event>
			<Id>#x1005</Id>
			<Message LcId="1031"><![CDATA[Fehler in der Transition SAFEOP->OP]]></Message>
			<Message LcId="1033"><![CDATA[Error in Transition SAFEOP->OP]]></Message>
		</Event>
		<Event>
			<Id>#x1006</Id>
			<Message LcId="1031"><![CDATA[Fehler in der Transition SAFEOP->OP: Keine Task zugewiesen. Modul wird nicht zyklisch aufgerufen.]]></Message>
			<Message LcId="1033"><![CDATA[Error in Transition SAFEOP->OP: No Task assigned. Module will not be executed cyclically.]]></Message>
		</Event>
		<Event>
			<Id>#x1007</Id>
			<Message LcId="1031"><![CDATA[Fehler in der Transition OP->SAFEOP]]></Message>
			<Message LcId="1033"><![CDATA[Error in Transition OP->SAFEOP]]></Message>
		</Event>
		<Event>
			<Id>#x1008</Id>
			<Message LcId="1031"><![CDATA[Fehler in der Transition SAFEOP->PREOP]]></Message>
			<Message LcId="1033"><![CDATA[Error in Transition SAFEOP->PREOP]]></Message>
		</Event>
		<Event>
			<Id>#x2001</Id>
			<Message LcId="1031">Fehler während der Konfiguration. Ein Null-Zeiger wurde zugewiesen.</Message>
			<Message LcId="1033">Error during configuration. A nullpointer has been allocated.</Message>
		</Event>
		<Event>
			<Id>#x2002</Id>
			<Message LcId="1031">Fehler während der Konfiguration. Ein Null-Zeiger wurde zugewiesen.</Message>
			<Message LcId="1033">Error during configuration. A nullpointer has been allocated.</Message>
		</Event>
		<Event>
			<Id>#x2003</Id>
			<Message LcId="1031">Fehler während der Konfiguration. fT1 muss größer als Null sein.</Message>
			<Message LcId="1033">Error during configuration. fT1 must be greater than zero.</Message>
		</Event>
		<Event>
			<Id>#x2004</Id>
			<Message LcId="1031">Fehler während der Konfiguration. fSamplingrate muss größer als Null sein.</Message>
			<Message LcId="1033">Error during configuration. fSamplingrate must be greater than zero.</Message>
		</Event>
		<Event>
			<Id>#x2005</Id>
			<Message LcId="1031">Fehler während der Konfiguration. fCuttoff muss größer als Null oder kleiner als fSamplingrate/2 sein.</Message>
			<Message LcId="1033">Error during configuration. fCutoff must be greater than zero and smaller than fSamplingrate/2.</Message>
		</Event>
		<Event>
			<Id>#x2006</Id>
			<Message LcId="1031">Fehler während der Konfiguration. fBandwidth muss größer als Null und kleiner als fSamplingrate/2 - fCutoff sein.</Message>
			<Message LcId="1033">Error during configuration. fBandwidth must be greater than zero and smaller than fSamplingrate/2 - fCutoff.</Message>
		</Event>
		<Event>
			<Id>#x2007</Id>
			<Message LcId="1031">Fehler während der Konfiguration. fPassBandRipple muss größer als Null sein.</Message>
			<Message LcId="1033">Error during configuration. fPassBandRipple must be greater than zero.</Message>
		</Event>
		<Event>
			<Id>#x2008</Id>
			<Message LcId="1031">Fehler während der Konfiguration. fStopBandRipple muss größer als Null sein.</Message>
			<Message LcId="1033">Error during configuration. fStopBandRipple must be greater than zero.</Message>
		</Event>
		<Event>
			<Id>#x2009</Id>
			<Message LcId="1031">Fehler während der Konfiguration. nChannels muss größer als Null und kleiner als 101 sein.</Message>
			<Message LcId="1033">Error during configuration. nChannels must be greater than zero and smaller than 101.</Message>
		</Event>
		<Event>
			<Id>#x200A</Id>
			<Message LcId="1031">Fehler während der Konfiguration. nOversamples muss größer als Null sein.</Message>
			<Message LcId="1033">Error during configuration. nOversamples must be greater than zero.</Message>
		</Event>
		<Event>
			<Id>#x200B</Id>
			<Message LcId="1031">Fehler während der Konfiguration. nFilterOrder muss zwischen 1 und 10/20 (band pass und band stop/ low pass und high pass) sein.</Message>
			<Message LcId="1033">Error during configuration. nFilterOrder has to be between 1 and 10/20 (band pass and band stop/ low pass and high pass)</Message>
		</Event>
		<Event>
			<Id>#x200C</Id>
			<Message LcId="1031">Fehler während der Konfiguration. nCoefficientArraySize_A und nCoefficientArraySize_B müssen gleich und größer als sieben sein.</Message>
			<Message LcId="1033">Error during configuration. nCoefficientArraySize_A and nCoefficientArraySize_B must be equal and greater than seven.</Message>
		</Event>
		<Event>
			<Id>#x200D</Id>
			<Message LcId="1031">Fehler während der Konfiguration. pCoefficientArrayAdr_A ist ein ungültiger Zeiger.</Message>
			<Message LcId="1033">Error during configuration. pCoefficientArrayAdr_A is an invalid pointer.</Message>
		</Event>
		<Event>
			<Id>#x200E</Id>
			<Message LcId="1031">Fehler während der Konfiguration. A0 Koeffizient muss aufgrund von Nulldivision ungleich Null sein.</Message>
			<Message LcId="1033">Error during configuration. A0 coefficient cant be zero due zero devision.</Message>
		</Event>
		<Event>
			<Id>#x200F</Id>
			<Message LcId="1031">Fehler während der Konfiguration. pCoefficientArrayAdr_B ist ein ungültiger Zeiger.</Message>
			<Message LcId="1033">Error during configuration. pCoefficientArrayAdr_B is an invalid pointer.</Message>
		</Event>
		<Event>
			<Id>#x2010</Id>
			<Message LcId="1031">Fehler während der Konfiguration. fKp muss größer als Null sein.</Message>
			<Message LcId="1033">Error during configuration. fKp must be greater than zero.</Message>
		</Event>
		<Event>
			<Id>#x2011</Id>
			<Message LcId="1031">Fehler während der Konfiguration. nSamplesToFilter muss größer als Null sein.</Message>
			<Message LcId="1033">Error during configuration. nSamplesToFilter must be greater than zero.</Message>
		</Event>
		<Event>
			<Id>#x2012</Id>
			<Message LcId="1031">Fehler während der Konfiguration. fT2 muss größer als Null sein.</Message>
			<Message LcId="1033">Error during configuration. fT2 must be greater than zero.</Message>
		</Event>
		<Event>
			<Id>#x2013</Id>
			<Message LcId="1031">Fehler während der Konfiguration. fT3 muss größer als Null sein.</Message>
			<Message LcId="1033">Error during configuration. fT3 must be greater than zero.</Message>
		</Event>
		<Event>
			<Id>#x2014</Id>
			<Message LcId="1031">Fehler während der Konfiguration. nOrder muss größer als Null und kleiner als elf sein.</Message>
			<Message LcId="1033">Error during configuration.nOrder must be greater than zero and smaller than eleven.</Message>
		</Event>
		<Event>
			<Id>#x2015</Id>
			<Message LcId="1031">Fehler während der Konfiguration. nInitalValuesSize muss 0, 8, (OrderB + OrderA)*8 oder (OrderB + OrderA)*nChannels*8 betragen.</Message>
			<Message LcId="1033">Error during configuration. nInitialValuesSize must be 0, 8, (OrderB+OrderA)*8 or (OrderB+OrderA)*nChannels*8.</Message>
		</Event>
		<Event>
			<Id>#x2016</Id>
			<Message LcId="1031">Fehler während der Konfiguration. Ungültiger FilterName.</Message>
			<Message LcId="1033">Error during configuration. Invalid FilterName.</Message>
		</Event>
		<Event>
			<Id>#x2017</Id>
			<Message LcId="1031">Fehler während der Konfiguration. Ungültiger FilterType.</Message>
			<Message LcId="1033">Error during configuration. Invalid FilterType.</Message>
		</Event>
		<Event>
			<Id>#x2018</Id>
			<Message LcId="1031">Fehler während der Konfiguration. bReset = false ist nur dann erlaubt, wenn sich folgende Filterstrukturelemente nicht ändern: nCoefficientArraySize_A, nCoefficientArraySize_B, nChannels und nOversamples.</Message>
			<Message LcId="1033">Error during configuration. bReset = false is only allowed if the following filter structure member don’t change: nCoefficientArraySize_A, nCoefficientArraySize_B, nChannels and nOversamples.</Message>
		</Event>
		<Event>
			<Id>#x2019</Id>
			<Message LcId="1031">Fehler während der Konfiguration. nCoefficientArraySize_Sos muss ein Vielfaches von 48 sein.</Message>
			<Message LcId="1033">Error during configuration. nCoefficientArraySize_Sos must be a multiple of 48.</Message>
		</Event>
		<Event>
			<Id>#x201A</Id>
			<Message LcId="1031">Fehler während der Konfiguration. pCoefficientArrayAdr_Sos ist ein ungültiger Zeiger.</Message>
			<Message LcId="1033">Error during configuration. pCoefficientArrayAdr_Sos is an invalid pointer.</Message>
		</Event>
		<Event>
			<Id>#x201B</Id>
			<Message LcId="1031">Fehler während der Konfiguration. Die Filter Parameter führen zu einem instabilen Filter. Wählen Sie bitte andere Filter Parameter.</Message>
			<Message LcId="1033">Error during configuration. Filter parameter lead to an unstable filter, please choose other filter parameter.</Message>
		</Event>
		<Event>
			<Id>#x201C</Id>
			<Message LcId="1031">Fehler während der Konfiguration. bReset = false ist nur dann erlaubt, wenn sich folgende Filterstrukturelemente nicht ändern: nCoefficientArraySize_Sos, nChannels und nOversamples.</Message>
			<Message LcId="1033">Error during configuration. bReset = false is only allowed if the following filter structure member don’t change: nCoefficientArraySize_Sos, nChannels and nOversamples.</Message>
		</Event>
		<Event>
			<Id>#x201D</Id>
			<Message LcId="1031">Fehler während der Konfiguration. nInitalValuesSize muss 0, 8, (Anzahl der Biquads)*4*8 oder (Anzahl der Biquads)*4*nChannels*8 betragen.</Message>
			<Message LcId="1033">Error during configuration. nInitialValuesSize must be 0, 8, (number of biquads)*4*8 or (number of biquads)*4*nChannels*8.</Message>
		</Event>
		<Event>
			<Id>#x201E</Id>
			<Message LcId="1031">Fehler während der Konfiguration. fNotchFrequency muss größer als Null oder kleiner als fSamplingrate/2 sein.</Message>
			<Message LcId="1033">Error during configuration. fNotchFrequency must be greater than zero and smaller than fSamplingrate/2.</Message>
		</Event>
		<Event>
			<Id>#x201F</Id>
			<Message LcId="1031">Fehler während der Konfiguration. fQ muss größer als Null sein.</Message>
			<Message LcId="1033">Error during configuration. fQ must be greater than zero.</Message>
		</Event>
		<Event>
			<Id>#x2020</Id>
			<Message LcId="1031">Fehler während der Konfiguration. fTheta muss größer als Null sein.</Message>
			<Message LcId="1033">Error during configuration. fTheta must be greater than zero.</Message>
		</Event>
		<Event>
			<Id>#x2021</Id>
			<Message LcId="1031">Fehler während der Konfiguration. fT1 muss größer als Null und ein Vielfaches von 1/fSamplingRate sein.</Message>
			<Message LcId="1033">Error during configuration. fTt must be greater than zero and a multiple of 1/fSamplingRate.</Message>
		</Event>
		<Event>
			<Id>#x2022</Id>
			<Message LcId="1031">Fehler während der Konfiguration. fDeltaMax muss größer oder gleich Null sein.</Message>
			<Message LcId="1033">Error during configuration. fDeltaMax must be equal or greater than zero.</Message>
		</Event>
		<Event>
			<Id>#x3001</Id>
			<Message LcId="1031">Fehler während der Laufzeit. Kein Routerspeicher verfügbar. Überprüfen sie die Größe des Routerspeichers.</Message>
			<Message LcId="1033">Error during runtime. No router memory available. Check size of router memory.</Message>
		</Event>
		<Event>
			<Id>#x3002</Id>
			<Message LcId="1031">Fehler während der Laufzeit. Fehlende Konfiguration.</Message>
			<Message LcId="1033">Error during runtime. Missing configuration.</Message>
		</Event>
		<Event>
			<Id>#x3003</Id>
			<Message LcId="1031">Fehler während der Laufzeit. Task für zyklische Abarbeitung zugewiesen. Methoden dürfen nicht aufgerufen werden.</Message>
			<Message LcId="1033">Error during runtime. Cyclic caller is assigned. Methods can not be called.</Message>
		</Event>
		<Event>
			<Id>#x3004</Id>
			<Message LcId="1031">Fehler während der Laufzeit. Die Größe von fIn stimmt nicht mit nOversamples*nChannels überein.</Message>
			<Message LcId="1033">Error during runtime. Size of fIn Array doesnt match with nOversamples*nChannels.</Message>
		</Event>
		<Event>
			<Id>#x3005</Id>
			<Message LcId="1031">Fehler während der Laufzeit. Die Größe von fOut darf nicht kleinr als fIn sein.</Message>
			<Message LcId="1033">Error during runtime. Size of fOut Array cant be smaller than fIn Array Size.</Message>
		</Event>
		<Event>
			<Id>#x3006</Id>
			<Message LcId="1031">Fehler während der Laufzeit. Ein Null-Zeiger wurde pIn zugewiesen.</Message>
			<Message LcId="1033">Error during runtime. A nullpointer has been allocated @ pIn.</Message>
		</Event>
		<Event>
			<Id>#x3007</Id>
			<Message LcId="1031">Fehler während der Laufzeit. Ein Null-Zeiger wurde pOut zugewiesen.</Message>
			<Message LcId="1033">Error during runtime. A nullpointer has been allocated @ pOut.</Message>
		</Event>
		<Event>
			<Id>#x3008</Id>
			<Message LcId="1031">Fehler während der Laufzeit. Ein Null-Zeiger wurde pFilterActive zugewiesen.</Message>
			<Message LcId="1033">Error during runtime. A nullpointer has been allocated @ pFilterActive.</Message>
		</Event>
		<Event>
			<Id>#x3009</Id>
			<Message LcId="1031">Fehler während der Laufzeit. Die Größe von FilterActive stimmt nicht mit nOversamples*nChannels überein.</Message>
			<Message LcId="1033">Error during runtime. Size of FilterActive array doesnt match with nOversamples*nChannels.</Message>
		</Event>
	</Source>
	<Source>
		<GUID>{03180001-0000-0000-F000-000000000064}</GUID>
		<Name LcId="7">TcPowerMonitoringEventClass</Name>
		<Name LcId="1033">TcPowerMonitoringEventClass</Name>
		<Event>
			<Id>#x1001</Id>
			<Message LcId="7">Ungültige Baustein-ID zugewiesen.</Message>
			<Message LcId="1033">Invalid own ID in configuration.</Message>
		</Event>
		<Event>
			<Id>#x1002</Id>
			<Message LcId="7">Ungültige Ziel-Baustein-IDs zugewiesen.</Message>
			<Message LcId="1033">Invalid transfer destination IDs were allocated.</Message>
		</Event>
		<Event>
			<Id>#x1003</Id>
			<Message LcId="7">Ungültige Anzahl von MultiArrays die für Ergebnisse initialisiert werden sollen.</Message>
			<Message LcId="1033">Invalid number of MultiArrays which should be initialized for results.</Message>
		</Event>
		<Event>
			<Id>#x1004</Id>
			<Message LcId="7">Ungültiger Wert für die Timeout-Zeit.</Message>
			<Message LcId="1033">Invalid timeout, see documentation.</Message>
		</Event>
		<Event>
			<Id>#x1005</Id>
			<Message LcId="7">Die Initialisierung konnte nicht erfolgreich durchgeführt werden.</Message>
			<Message LcId="1033">Initialization has not been processed successfully.</Message>
		</Event>
		<Event>
			<Id>#x1006</Id>
			<Message LcId="7">Ungültiger Parametert.</Message>
			<Message LcId="1033">Illegal parameter.</Message>
		</Event>
		<Event>
			<Id>#x1007</Id>
			<Message LcId="7">Ungültiger Datentyp.</Message>
			<Message LcId="1033">Invalid data type.</Message>
		</Event>
		<Event>
			<Id>#x2001</Id>
			<Message LcId="7">Initialisierung nicht möglich. Ungültiger Initialisierungskontext oder interne Objekte uninitialisiert.</Message>
			<Message LcId="1033">Initialization not possible. Illegal initialization context or internal members uninitialized.</Message>
		</Event>
		<Event>
			<Id>#x2002</Id>
			<Message LcId="7">Konfiguration nicht möglich. Ungültiger Konfiguationskontext oder interne Objekte uninitialisiert.</Message>
			<Message LcId="1033">Configuration not possible. Illegal configuration context or internal members not configured.</Message>
		</Event>
		<Event>
			<Id>#x2003</Id>
			<Message LcId="7">Initialisierung des Transer Trays nicht erfolgreich. Bitte überprüfen sie den Status des TCCom-Objektes und den Routerspeicher.</Message>
			<Message LcId="1033">Initialization of transfer tray has been failed. Check TcCOM object states and router memory.</Message>
		</Event>
		<Event>
			<Id>#x2004</Id>
			<Message LcId="7">Die Analysekette ist inkorrekt. Bitte überprüfen sie alle Baustein-IDs und Ziel-Baustein-IDs.</Message>
			<Message LcId="1033">The analysis chain is incorrect. Check all OwnIDs and DestIDs.</Message>
		</Event>
		<Event>
			<Id>#x2005</Id>
			<Message LcId="7">Nicht genügend Streams verfügbar. Überprüfen sie ST_PMA_TransferTray_InitPars.</Message>
			<Message LcId="1033">Not enough streams available. Adjust ST_PMA_TransferTray_InitPars.</Message>
		</Event>
		<Event>
			<Id>#x2006</Id>
			<Message LcId="7">Fehler beim allokieren von dynamischem Speicher. Bitte überprüfen sie die Größe des Routerspeichers.</Message>
			<Message LcId="1033">Memory could not be allocated dynamically. Check size of rotuer memory.</Message>
		</Event>
		<Event>
			<Id>#x2100</Id>
			<Message LcId="7">Die Anzahl an Perioden kann nicht in der Pufferlänge dargestellt werden.</Message>
			<Message LcId="1033">Amount of periods can not be displayed in the configured buffer length.</Message>
		</Event>
		<Event>
			<Id>#x2101</Id>
			<Message LcId="7">Die Größe der Eingangsdaten stimmt nicht mit der konfigurierten Anzahl überein.</Message>
			<Message LcId="1033">Input size does not match to configured.</Message>
		</Event>
		<Event>
			<Id>#x2102</Id>
			<Message LcId="7"><![CDATA[Ungültige Anazahl an Oversamples konfiguriert. Diese muss >= 1 sein.]]></Message>
			<Message LcId="1033"><![CDATA[Invalid number of oversamples configured, value has to be >= 1.]]></Message>
		</Event>
		<Event>
			<Id>#x2103</Id>
			<Message LcId="7">Die Auflösung kann nicht 0 sein.</Message>
			<Message LcId="1033">Resolution cannot be 0.</Message>
		</Event>
		<Event>
			<Id>#x2104</Id>
			<Message LcId="7"><![CDATA[Ungültige Frequenz. Diese muss > 0 sein.]]></Message>
			<Message LcId="1033"><![CDATA[Invalid frequency. Frequency has to be > 0.]]></Message>
		</Event>
		<Event>
			<Id>#x2105</Id>
			<Message LcId="7"><![CDATA[Die Samplerate muss >= 1 sein.]]></Message>
			<Message LcId="1033"><![CDATA[Samplerate has to be >= 1.]]></Message>
		</Event>
		<Event>
			<Id>#x2106</Id>
			<Message LcId="7"><![CDATA[Die Pufferlänge muss >= 1 sein.]]></Message>
			<Message LcId="1033"><![CDATA[BufferLength has to be >= 1.]]></Message>
		</Event>
		<Event>
			<Id>#x2107</Id>
			<Message LcId="7"><![CDATA[Die Anzahl an Perioden muss >= 1 sein.]]></Message>
			<Message LcId="1033"><![CDATA[Number of periods has to be >= 1.]]></Message>
		</Event>
		<Event>
			<Id>#x2108</Id>
			<Message LcId="7"><![CDATA[Die Anzahl an Puffern für statistische Berechnungen muss >= 0 sein.]]></Message>
			<Message LcId="1033"><![CDATA[Number of statistic buffers have to be >= 0.]]></Message>
		</Event>
		<Event>
			<Id>#x2109</Id>
			<Message LcId="7">Der konfigurierte Schwellwert ist ungültig.</Message>
			<Message LcId="1033">Invalid threshold configured.</Message>
		</Event>
		<Event>
			<Id>#x2110</Id>
			<Message LcId="7">Die FFT-Länge muss eine Zahl sein die eine Zweierpotenz ist.</Message>
			<Message LcId="1033">FFT-length has to be a power of 2.</Message>
		</Event>
		<Event>
			<Id>#x2111</Id>
			<Message LcId="7"><![CDATA[Die Fensterlänge muss kleiner als die FFT-Länge und >= 0 sein.]]></Message>
			<Message LcId="1033"><![CDATA[WindowLength has to be smaller than FFT-Length and >= 0.]]></Message>
		</Event>
		<Event>
			<Id>#x2112</Id>
			<Message LcId="7"><![CDATA[DIe Bandweite muss >= 1.0 sein.]]></Message>
			<Message LcId="1033"><![CDATA[Bandwith has to be >= 1.0.]]></Message>
		</Event>
		<Event>
			<Id>#x2113</Id>
			<Message LcId="7"><![CDATA[Die Anzahl der Bänder muss >= 1 und <= GVL_PMA.cPMA_MbRMS_MaxBands sein.]]></Message>
			<Message LcId="1033"><![CDATA[Num of bands has to be >= 1 and <= GVL_PMA.cPMA_MbRMS_MaxBands.]]></Message>
		</Event>
		<Event>
			<Id>#x2114</Id>
			<Message LcId="7"><![CDATA[Die Anzahl der Bins muss >= 1 sein.]]></Message>
			<Message LcId="1033"><![CDATA[Num of bins has to be >= 1.]]></Message>
		</Event>
		<Event>
			<Id>#x2115</Id>
			<Message LcId="7"><![CDATA[Die Anzahl der Quantile muss >= 1 und <= cPMA_MaxQuantiles sein.]]></Message>
			<Message LcId="1033"><![CDATA[Num of quantiles has to be >= 1 and <= cPMA_MaxQuantiles.]]></Message>
		</Event>
		<Event>
			<Id>#x2116</Id>
			<Message LcId="7"><![CDATA[Die durch den Stromwandler hervorgerufene zeitliche Verschiebung muss >= 0 sein.]]></Message>
			<Message LcId="1033"><![CDATA[Time lag generated by current transformer has to be >= 0.]]></Message>
		</Event>
		<Event>
			<Id>#x2117</Id>
			<Message LcId="7">Die Auswahl ist ungültig.</Message>
			<Message LcId="1033">The selection is not valid.</Message>
		</Event>
		<Event>
			<Id>#x2118</Id>
			<Message LcId="7"><![CDATA[Die konfigurierte Knickfrequenz ist < 0 oder < samplerate / 2.]]></Message>
			<Message LcId="1033"><![CDATA[CThe configured cutoff frequency is 0 or < samplerate / 2.]]></Message>
		</Event>
		<Event>
			<Id>#x2119</Id>
			<Message LcId="7">Der konfigurierte Fenstertyp ist ungültig.</Message>
			<Message LcId="1033">The configured window type is not valid.</Message>
		</Event>
		<Event>
			<Id>#x2120</Id>
			<Message LcId="7">Die konfigurierte Filterordnung ist ungültig.</Message>
			<Message LcId="1033">The configured filter order is not valid.</Message>
		</Event>
		<Event>
			<Id>#x3001</Id>
			<Message LcId="7">Die Konfiguration konnte nicht erfolgreich beendet werden.</Message>
			<Message LcId="1033">Configuration has not been processed successfully.</Message>
		</Event>
		<Event>
			<Id>#x3002</Id>
			<Message LcId="7">Ein Null-Zeiger wurde zugewiesen.</Message>
			<Message LcId="1033">Null pointer was allocated.</Message>
		</Event>
		<Event>
			<Id>#x3003</Id>
			<Message LcId="7">Die Größe der Eingangswerte ist zu klein (0) oder stimmt nicht mit den initialisierten Werten überein.</Message>
			<Message LcId="1033">Input size is too low (0) or does not match to initialized.</Message>
		</Event>
		<Event>
			<Id>#x3004</Id>
			<Message LcId="7">Der Datentyp des eingehenden MultiArrays stimmt nicht.</Message>
			<Message LcId="1033">Incoming multi array has illegal data type.</Message>
		</Event>
		<Event>
			<Id>#x3005</Id>
			<Message LcId="7">Die Anzahl an Phasen des eingehenden Multiarrays stimmt nicht.</Message>
			<Message LcId="1033">Incoming multi array has illegal number of phases.</Message>
		</Event>
		<Event>
			<Id>#x3006</Id>
			<Message LcId="7">Die Größe des eingehenden MultiArrays passt nicht zu der konfigurierten Größe.</Message>
			<Message LcId="1033">The size of the incoming multiarray does not match to the configured buffer size.</Message>
		</Event>
		<Event>
			<Id>#x3007</Id>
			<Message LcId="7">Es ist kein MultiArray für Ergebnisse verfügbar. Bitte überprüfen sie die Analysekette, die Zykluszeiten der Tasks und die Anzahl der MultiArrays (gewöhnlich mindestens 3 in jedem Ring).</Message>
			<Message LcId="1033">No multiarray available for result. Check analysis chain, task cycle times and the number of MultiArrays (usually at least 3 in each ring).</Message>
		</Event>
		<Event>
			<Id>#x3008</Id>
			<Message LcId="7">Die Anzahl an Perioden kann nicht in der Pufferlänge dargestellt werden.</Message>
			<Message LcId="1033">Amount of periods can not be displayed in the configured buffer length.</Message>
		</Event>
		<Event>
			<Id>#x3009</Id>
			<Message LcId="7"><![CDATA[Ungültige Frequenz. Diese muss > 0 sein.]]></Message>
			<Message LcId="1033"><![CDATA[Invalid frequency. Frequency has to be > 0.]]></Message>
		</Event>
		<Event>
			<Id>#x3010</Id>
			<Message LcId="7">Der Wert befindet sich nicht innerhalb der konfigurierten Grenzen.</Message>
			<Message LcId="1033">The value does not fit in the configured range.</Message>
		</Event>
		<Event>
			<Id>#x3011</Id>
			<Message LcId="7">Die Frequenz befindet sich nicht innerhalb der konfigurierten Grenzen.</Message>
			<Message LcId="1033">The frequency does not fit in the configured range.</Message>
		</Event>
		<Event>
			<Id>#x3012</Id>
			<Message LcId="7">Ein Timeout ist aufgetreten. Bitte überprüfen sie die Echtzeitfähigkeit ihres Systems.</Message>
			<Message LcId="1033">Timeout occured. Please check realtime capability.</Message>
		</Event>
		<Event>
			<Id>#x3013</Id>
			<Message LcId="7">Die Amplitude befindet sich nicht innerhalb der konfigurierten Grenzen.</Message>
			<Message LcId="1033">The amplitude does not fit in the configured range.</Message>
		</Event>
		<Event>
			<Id>#x3014</Id>
			<Message LcId="7">Die Ausgangsgröße ist zu klein(0) oder passt nicht zu den Initialisierungswerten.</Message>
			<Message LcId="1033">Output size is too low(0) or does not match to initialized.</Message>
		</Event>
		<Event>
			<Id>#x3015</Id>
			<Message LcId="7">Ein NaN-Wert ist aufgetreten.</Message>
			<Message LcId="1033">NaN value occured.</Message>
		</Event>
		<Event>
			<Id>#x3016</Id>
			<Message LcId="7">Die Größe des ausgehenden MultiArrays passt nicht zu der konfigurierten Größe.</Message>
			<Message LcId="1033">The size of the output multiarray does not match to the configured buffer size.</Message>
		</Event>
		<Event>
			<Id>#x3017</Id>
			<Message LcId="7">Ungültiger Datentyp.</Message>
			<Message LcId="1033">Invalid data type.</Message>
		</Event>
		<Event>
			<Id>#x4001</Id>
			<Message LcId="7"><![CDATA[Fehler in der Transition PREOP->SAFEOP]]></Message>
			<Message LcId="1033"><![CDATA[Error in Transition PREOP->SAFEOP]]></Message>
		</Event>
		<Event>
			<Id>#x4002</Id>
			<Message LcId="7"><![CDATA[Fehler in der Transition SAFEOP->OP]]></Message>
			<Message LcId="1033"><![CDATA[Error in Transition SAFEOP->OP]]></Message>
		</Event>
		<Event>
			<Id>#x4003</Id>
			<Message LcId="7"><![CDATA[Fehler in der Transition SAFEOP->OP: Keine Task zugewiesen. Das Modul wird nicht zyklisch ausgeführt.]]></Message>
			<Message LcId="1033"><![CDATA[Error in Transition SAFEOP->OP: No Task assigned. Module will not be executed cyclically.]]></Message>
		</Event>
		<Event>
			<Id>#x4004</Id>
			<Message LcId="7"><![CDATA[Fehler in der Transition OP->SAFEOP]]></Message>
			<Message LcId="1033"><![CDATA[Error in Transition OP->SAFEOP]]></Message>
		</Event>
		<Event>
			<Id>#x4005</Id>
			<Message LcId="7"><![CDATA[DFehler in der Transition SAFEOP->PREOP]]></Message>
			<Message LcId="1033"><![CDATA[Error in Transition SAFEOP->PREOP]]></Message>
		</Event>
		<Event>
			<Id>#x4006</Id>
			<Message LcId="7">Das Cyclic caller interface ist zugewiesen. Methoden dürfen nicht aufgerufen werden.</Message>
			<Message LcId="1033">Cyclic caller is assigned. Methods can not be called.</Message>
		</Event>
		<Event>
			<Id>#x4007</Id>
			<Message LcId="7">Ungültiger Zustand des Moduls</Message>
			<Message LcId="1033">Invalid object state.</Message>
		</Event>
		<Event>
			<Id>#x4008</Id>
			<Message LcId="7">Ungültige Symbolgröße.</Message>
			<Message LcId="1033">Invalid symbol size.</Message>
		</Event>
		<Event>
			<Id>#x4009</Id>
			<Message LcId="7">Ungültiger Nummer des Datenbereichs.</Message>
			<Message LcId="1033">Invalid data area number.</Message>
		</Event>
	</Source>
	<Source>
		<GUID>{92F05393-06A8-48C2-8871-EAA38C1E3990}</GUID>
		<Name LcId="1033">TcRTimeEventClass</Name>
		<Event>
			<Id>4096</Id>
			<Message LcId="1031">Interner Fehler im Echtzeit-System.</Message>
			<Message LcId="1033">Internal error in the real-time system.</Message>
		</Event>
		<Event>
			<Id>4097</Id>
			<Message LcId="1031">Timer-Wert ist nicht gültig.</Message>
			<Message LcId="1033">Timer value is not valid.</Message>
		</Event>
		<Event>
			<Id>4098</Id>
			<Message LcId="1031">Task-Pointer hat den ungültigen Wert 0 (null).</Message>
			<Message LcId="1033">The task pointer has the invalid value 0 (null).</Message>
		</Event>
		<Event>
			<Id>4099</Id>
			<Message LcId="1031">Stack-Pointer hat den ungültigen Wert 0 (null).</Message>
			<Message LcId="1033">The stack pointer has the invalid value 0 (null).</Message>
		</Event>
		<Event>
			<Id>4100</Id>
			<Message LcId="1031">Die Task Priority ist bereits vergeben.</Message>
			<Message LcId="1033">The task priority is already assigned.</Message>
		</Event>
		<Event>
			<Id>4101</Id>
			<Message LcId="1031">Kein freier TCB (Task Control Block) verfügbar. Maximale Anzahl von TCBs beträgt 64.</Message>
			<Message LcId="1033">No free TCB (Task Control Block) available. The maximum number of TCBs is 64.</Message>
		</Event>
		<Event>
			<Id>4102</Id>
			<Message LcId="1031">Keine freien Semaphoren zur Verfügung. Maximale Anzahl der Semaphoren beträgt 64.</Message>
			<Message LcId="1033">No free semaphores available. The maximum number of semaphores is 64.</Message>
		</Event>
		<Event>
			<Id>4103</Id>
			<Message LcId="1031">Kein freier Platz in der Warteschlange zur Verfügung. Maximale Anzahl der Plätze in der Warteschlange beträgt 64.</Message>
			<Message LcId="1033">No free space available in the queue. The maximum number of positions in the queue is 64.</Message>
		</Event>
		<Event>
			<Id>4109</Id>
			<Message LcId="1031">Ein externer Synchronisations-Interrupt wird bereits angewandt.</Message>
			<Message LcId="1033">An external synchronization interrupt is already applied.</Message>
		</Event>
		<Event>
			<Id>4110</Id>
			<Message LcId="1031">Kein externer Synchronisations-Interrupt angewandt.</Message>
			<Message LcId="1033">No external synchronziation interrupt applied.</Message>
		</Event>
		<Event>
			<Id>4111</Id>
			<Message LcId="1031">Anwendung des externen Synchronisations-Interrupts ist fehlgeschlagen.</Message>
			<Message LcId="1033">Application of the external synchronization interrupt failed.</Message>
		</Event>
		<Event>
			<Id>4112</Id>
			<Message LcId="1031">Aufruf einer Service-Funktion im falschen Kontext</Message>
			<Message LcId="1033">Call of a service function in the wrong context.</Message>
		</Event>
		<Event>
			<Id>4119</Id>
			<Message LcId="1031">Intel VT-x Erweiterung wird nicht unterstützt.</Message>
			<Message LcId="1033">Intel VT-x extension is not supported.</Message>
		</Event>
		<Event>
			<Id>4120</Id>
			<Message LcId="1031">Intel VT-x Erweiterung ist nicht aktiviert im BIOS.</Message>
			<Message LcId="1033">Intel VT-x extension is not enabled in the BIOS.</Message>
		</Event>
		<Event>
			<Id>4121</Id>
			<Message LcId="1031">Fehlende Funktion in Intel VT-x Erweiterung.</Message>
			<Message LcId="1033">Missing function in Intel VT-x extension.</Message>
		</Event>
		<Event>
			<Id>4122</Id>
			<Message LcId="1031">Aktivieren von Intel VT-x schlägt fehl.</Message>
			<Message LcId="1033">Activation of Intel VT-x fails.</Message>
		</Event>
	</Source>
</TcEventSources>
