{
    "$schema": "../../../Schema/ControlDescription.Schema.json",
    "apiVersion": 1,
    "name": "TcHmiHtmlHost",
    "namespace": "TcHmi.Controls.System",
    "displayName": "HTML Host",
    "version": {
        "full": "1.12.760.59",
        "major": 1,
        "minor": 12,
        "build": 760,
        "revision": 59
    },
    "visible": true,
    "themeable": "Standard",
    "base": "TcHmi.Controls.System.TcHmiControl",
    "description": "A container for HTML content.\nEditable in HTML source of the view.",
    "properties": {
        "containerControl": false,
        "geometry": {
            "width": 300,
            "height": 300
        }
    },
    "icons": [
        {
            "name": "Icons/16x16.png",
            "width": 16,
            "height": 16
        }
    ],
    "template": "Template.html",
    "dependencyFiles": [
        {
            "name": "Style.css",
            "type": "Stylesheet",
            "description": ""
        },
        {
            "name": "TcHmiHtmlHost.js",
            "type": "JavaScript",
            "description": ""
        }
    ],
    "themes": {},
    "functions": [
        {
            "name": "getContent",
            "displayName": "getContent",
            "description": "Returns the HTML content of this control.",
            "type": "tchmi:general#/definitions/String",
            "category": "Common",
            "heritable": true,
            "params": [],
            "visible": true
        },
        {
            "name": "setContent",
            "displayName": "setContent",
            "description": "Sets the HTML content of this control.",
            "type": "tchmi:general#/definitions/String",
            "category": "Common",
            "heritable": true,
            "params": [
                {
                    "name": "newValue",
                    "displayName": "newValue",
                    "description": "The new HTML code",
                    "type": "tchmi:general#/definitions/String",
                    "visible": true
                }
            ],
            "visible": true
        }
    ],
    "attributes": [],
    "dataTypes": [
        {
            "schema": "Schema/Types.Schema.json"
        }
    ]
}