{
    "$schema": "../../../Schema/ControlDescription.Schema.json",
    "apiVersion": 1,
    "name": "TcHmiContent",
    "namespace": "TcHmi.Controls.System",
    "displayName": "Content",
    "version": {
        "full": "1.12.760.59",
        "major": 1,
        "minor": 12,
        "build": 760,
        "revision": 59
    },
    "visible": false,
    "themeable": "Standard",
    "base": "TcHmi.Controls.System.TcHmiPartial",
    "description": "A reusable Container which can be loaded in a Region.",
    "properties": {
        "containerControl": true,
        "geometry": {
            "width": 500,
            "height": 500
        }
    },
    "icons": [
        {
            "name": "Icons/16x16.png",
            "width": 16,
            "height": 16
        }
    ],
    "dependencyFiles": [
        {
            "name": "TcHmiContent.js",
            "type": "JavaScript",
            "description": ""
        }
    ],
    "themes": {},
    "attributes": [],
    "functions": [],
    "dataTypes": [
        {
            "schema": "Schema/Types.Schema.json"
        }
    ]
}